<?xml version="1.0" encoding="UTF-8"?>

<databaseChangeLog
        xmlns="http://www.liquibase.org/xml/ns/dbchangelog"
        xmlns:xsi="http://www.w3.org/2001/XMLSchema-instance"
        xsi:schemaLocation="http://www.liquibase.org/xml/ns/dbchangelog
                     http://www.liquibase.org/xml/ns/dbchangelog/dbchangelog-3.1.xsd">
    <changeSet id="01" author="Henil">
        <createTable tableName="permissions"
                     remarks="A table to contain all permissions">
            <column name="permission_id" type="UUID">
                <constraints nullable="false" unique="true" primaryKey="true"/>
            </column>
            <column name="permission_name" type="varchar(255)" >
                <constraints nullable="false" unique="false" />
            </column>
        </createTable>
    </changeSet>
</databaseChangeLog>