<?xml version="1.0" encoding="UTF-8"?>

<databaseChangeLog
        xmlns="http://www.liquibase.org/xml/ns/dbchangelog"
        xmlns:xsi="http://www.w3.org/2001/XMLSchema-instance"
        xsi:schemaLocation="http://www.liquibase.org/xml/ns/dbchangelog
                     http://www.liquibase.org/xml/ns/dbchangelog/dbchangelog-3.1.xsd">
    <changeSet id="03" author="Anjana">
        <createTable tableName="roles"
                     remarks="A table to contain all roles">
            <column name="role_id" type="UUID">
                <constraints nullable="false" unique="true" primaryKey="true"/>
            </column>
            <column name="system_name" type="varchar(255)" >
                <constraints nullable="false" unique="true" />
            </column>
            <column name="role_name" type="varchar(255)" >
                <constraints nullable="false" unique="true" />
            </column>
            <column name="created_at" type="timestamp" >
                <constraints nullable="false" unique="false" />
            </column>
            <column name="updated_at" type="timestamp" >
                <constraints nullable="false" unique="false" />
            </column>
            <column name="created_by" type="UUID" >
                <constraints nullable="true" unique="false" foreignKeyName="fk_created_user"
                             references="users(id)"/>
            </column>
            <column name="updated_by" type="UUID" >
                <constraints nullable="true" unique="false" foreignKeyName="fk_updated_user"
                             references="users(id)" />
            </column>
            <column name="status" type="varchar(100)" >
                <constraints nullable="false" unique="false" />
            </column>
            <column name="role_permission_id_fk" type="UUID" >
                <constraints nullable="false" unique="false" foreignKeyName="fk_roles_permission" references="roles_permission(role_permission_id)"/>
            </column>
        </createTable>

    </changeSet>
</databaseChangeLog>