<?xml version="1.0" encoding="UTF-8"?>

<databaseChangeLog
        xmlns="http://www.liquibase.org/xml/ns/dbchangelog"
        xmlns:xsi="http://www.w3.org/2001/XMLSchema-instance"
        xsi:schemaLocation="http://www.liquibase.org/xml/ns/dbchangelog
                     http://www.liquibase.org/xml/ns/dbchangelog/dbchangelog-3.1.xsd">
    <changeSet id="02" author="Henil">
        <createTable tableName="modules"
                     remarks="A table to contain all modules">
            <column name="module_id" type="UUID">
                <constraints nullable="false" unique="true" primaryKey="true"/>
            </column>
            <column name="module_name" type="varchar(255)" >
                <constraints nullable="false" unique="false" />
            </column>
            <column name="parent_module_id" type="UUID" >
                <constraints nullable="true" unique="false" foreignKeyName="parent_module_id" />
            </column>
        </createTable>
    </changeSet>
</databaseChangeLog>