<?xml version="1.0" encoding="UTF-8"?>
<Configuration status="INFO">
    <Properties>
        <property name="LOG_FILE">${bundle:application:log.file.path}</property>
    </Properties>
    <Appenders>
        <Console name="LogToConsole" target="SYSTEM_OUT">
            <PatternLayout pattern="%d{HH:mm:ss.SSS} [%t] %-5level %logger{36} - %msg%n"/>
        </Console>
        <RollingFile name="LogToFile" fileName="${LOG_FILE}/loan.log"
              filePattern="${LOG_FILE}/user-%d{yyyy-MM-dd HH-mm-ss}.log">
            <PatternLayout>
                <Pattern>%d [%t] %-5level %logger{36} - %msg%n</Pattern>
            </PatternLayout>
            <Policies>
                <SizeBasedTriggeringPolicy size="20KB" />
            </Policies>
        </RollingFile>
    </Appenders>
    <Loggers>
        <Logger name="com.bridgeinvest.loanservice" level="DEBUG" additivity="true">
            <AppenderRef ref="LogToFile"/>
            <AppenderRef ref="LogToConsole"/>
        </Logger>
        <Logger name="org.springframework.boot" level="ERROR" additivity="false">
            <AppenderRef ref="LogToConsole"/>
        </Logger>
        <Root level="INFO">
            <AppenderRef ref="LogToFile"/>
            <AppenderRef ref="LogToConsole"/>
        </Root>
    </Loggers>
</Configuration>