<?xml version="1.0" encoding="UTF-8"?>

<databaseChangeLog
        xmlns="http://www.liquibase.org/xml/ns/dbchangelog"
        xmlns:xsi="http://www.w3.org/2001/XMLSchema-instance"
        xsi:schemaLocation="http://www.liquibase.org/xml/ns/dbchangelog
                     http://www.liquibase.org/xml/ns/dbchangelog/dbchangelog-3.1.xsd">
    <changeSet id="01" author="Anjana">
        <createTable tableName="roles_permission"
                     remarks="A table to contain all user wise roles and permission">
            <column name="role_permission_id" type="UUID">
                <constraints nullable="false" unique="true" primaryKey="true"/>
            </column>
            <column name="roles_id" type="UUID" >
                <constraints nullable="false" unique="false" foreignKeyName="fk_role" references="roles(role_id)"/>
            </column>
            <column name="user_id" type="UUID" >
                <constraints nullable="false" unique="false" foreignKeyName="fk_user"
                             references="users(user_id)"/>
            </column>
            <column name="created_at" type="timestamp" >
                <constraints nullable="false" unique="false" />
            </column>
            <column name="updated_at" type="timestamp" >
                <constraints nullable="false" unique="false" />
            </column>
            <column name="created_by" type="UUID" >
                <constraints nullable="true" unique="false" foreignKeyName="fk_created_user"
                             references="users(user_id)"/>
            </column>
            <column name="updated_by" type="UUID" >
                <constraints nullable="true" unique="false" foreignKeyName="fk_updated_user"
                             references="users(user_id)" />
            </column>
            <column name="status" type="varchar(100)" >
                <constraints nullable="false" unique="false" />
            </column>
        </createTable>

    </changeSet>
</databaseChangeLog>